Cluster,Size,Percentage,Top_Industry,Top_Region,Avg_Revenue,Avg_Profit_Margin,Avg_Market_Cap,Avg_Growth_Rate,Avg_ESG_Overall,Avg_ESG_Environmental,Avg_ESG_Social,Avg_ESG_Governance,Avg_Carbon_Emissions,Avg_Water_Usage,Avg_Energy_Consumption
Cluster 0,1157,10.5%,Energy,Africa,9035.165427830596,10.428608470181505,21334.98219533276,2.523509075194468,48.70916162489196,39.691184096802075,55.28176318063959,51.15211754537597,8407266.503025064,2523428.2739844425,84066094.89619705
Cluster 1,3750,34.1%,Manufacturing,Oceania,1888.9794133333335,9.692826666666667,3123.3794133333336,3.711333333333333,52.28424,46.334320000000005,57.50002666666667,53.01733333333333,602629.0264266668,599183.0963733334,6881693.446746668
Cluster 2,1333,12.1%,Healthcare,Oceania,4649.260990247562,15.464141035258816,13128.711927981996,7.234883720930232,57.260990247561885,66.26939234808702,51.64148537134283,53.87044261065265,335105.0716429107,335174.8228807202,671047.1592648162
Cluster 3,1179,10.7%,Retail,Middle East,1598.1919423240033,5.45106022052587,2361.6045801526716,4.351993214588634,55.75241730279899,57.85742154368108,56.03223070398643,53.366327396098384,128655.96692111959,64608.20296861747,258432.8150975403
Cluster 4,1287,11.7%,Transportation,Asia,1125.9811188811188,5.365345765345765,1755.2437451437454,4.281196581196582,46.034498834498834,33.847241647241646,52.49471639471639,51.76526806526806,650314.9160839161,108385.81934731935,2167716.3883449887
Cluster 5,1243,11.3%,Finance,Latin America,6273.9646017699115,14.288334674175383,12797.976749798874,5.088173773129526,64.62043443282381,90.25285599356395,56.07296862429605,47.53580048270314,72050.45398230088,36025.227192276754,180126.13676588898
Cluster 6,1051,9.6%,Technology,North America,15711.31151284491,18.824833491912464,68827.60114176974,9.206089438629874,63.477640342530925,84.3137963843958,57.58401522359658,48.533872502378685,451118.13786869653,272796.8924833492,912048.6278782113
