Cluster,Size,Percentage,Top_Industry,Top_Region,Avg_Revenue,Avg_Profit_Margin,Avg_Market_Cap,Avg_Growth_Rate,Avg_ESG_Overall,Avg_ESG_Environmental,Avg_ESG_Social,Avg_ESG_Governance,Avg_Carbon_Emissions,Avg_Water_Usage,Avg_Energy_Consumption
Cluster 0,6605,60.0%,Finance,Oceania,3772.198228614686,11.38087812263437,10180.701847085542,5.063239969719909,62.026040878122636,70.44929598788796,60.072732778198336,55.5551097653293,447265.33314155944,280399.0807570023,3456600.5592429982
Cluster 1,36,0.3%,Energy,Europe,72351.48888888888,8.544444444444444,158694.63055555557,16.92222222222222,61.036111111111104,34.105555555555554,64.8,84.2138888888889,68904766.45555556,20671429.93888889,689047664.6277778
Cluster 2,4141,37.6%,Transportation,Asia,3070.3625211301614,9.74904612412461,6559.04300893504,4.100676165177493,42.037430572325526,32.45204056991065,48.32992030910408,45.329872011591405,1986313.9962569429,810044.2726394591,19307356.41417532
Cluster 3,218,2.0%,Technology,Europe,51123.680733944944,18.605045871559632,215914.24357798163,9.958256880733945,67.94357798165137,90.17247706422017,59.72018348623853,53.944954128440365,1495414.8463302753,962774.9371559634,3000026.278440367
