Algorithm,Number_of_Clusters,Silhouette_Score,Calinski_Harabasz_Score,Davies_Bouldin_Score
K-Means,4,0.19480707580383805,2475.4984854776676,1.3606942910673947
Hierarchical,4,0.1526709317184584,2058.3302983886256,1.510987721101603
DBSCAN,3,0.7861118282765234,N/A,N/A
