Cluster,Size,Percentage,Top_Industry,Top_Region,Avg_Revenue,Avg_Profit_Margin,Avg_Market_Cap,Avg_Growth_Rate,Avg_ESG_Overall,Avg_ESG_Environmental,Avg_ESG_Social,Avg_ESG_Governance,Avg_Carbon_Emissions,Avg_Water_Usage,Avg_Energy_Consumption
Cluster 0,5121,46.6%,Transportation,Oceania,1454.0732278851788,7.494161296621753,2203.9308728763913,3.2737160710798667,53.05280218707284,46.03218121460652,58.0826205819176,55.04417106033978,450193.31657879316,293261.51273188833,3704400.185315368
Cluster 1,2724,24.8%,Technology,Europe,10255.068906020559,17.023458149779735,36972.96964023495,7.083370044052863,61.19599853157121,77.3726872246696,54.136563876651984,52.07569750367107,452158.3131424376,322846.7874449339,1797309.8125917767
Cluster 2,1955,17.8%,Energy,Africa,6841.298670076727,9.950332480818416,14913.421892583121,6.349156010230178,42.46107416879795,35.63984654731458,50.864398976982095,40.8783631713555,5319622.202915601,1918889.45601023,53332027.303273655
Cluster 3,1200,10.9%,Finance,Asia,2186.2507499999997,13.0855,5025.337916666666,3.94275,66.14608333333334,87.01416666666667,56.59783333333333,54.82633333333334,40920.989083333334,23191.611083333333,93427.16983333332
