Primary_Cluster,Consumer Goods,Energy,Finance,Healthcare,Manufacturing,Retail,Technology,Transportation,Utilities
-1,0.0,65.0,0.0,0.0,0.0,0.0,35.0,0.0,0.0
0,11.650840029218408,10.573411249086925,11.349525200876553,12.153031409788166,11.75127830533236,10.646457268078889,9.3772826880935,11.75127830533236,10.746895544192842
1,0.0,0.0,0.0,0.0,0.0,0.0,100.0,0.0,0.0
2,0.0,100.0,0.0,0.0,0.0,0.0,0.0,0.0,0.0
