Primary_Cluster,Consumer Goods,Energy,Finance,Healthcare,Manufacturing,Retail,Technology,Transportation,Utilities
0,18.121460652216363,5.116188244483499,0.6444053895723492,6.014450302675259,17.262253466119898,14.215973442686975,0.4491310290958797,20.874829134934583,17.301308338215193
1,6.828193832599119,1.9823788546255507,16.92364170337739,32.709251101321584,1.8355359765051396,4.882525697503671,33.370044052863435,1.1013215859030838,0.36710719530102787
2,7.7237851662404085,44.60358056265984,0.0,3.375959079283888,18.056265984654733,2.2506393861892584,0.0,9.616368286445013,14.373401534526852
3,0.9166666666666666,0.0,62.416666666666664,5.5,0.0,21.75,9.416666666666666,0.0,0.0
