Primary_Cluster,Consumer Goods,Energy,Finance,Healthcare,Manufacturing,Retail,Technology,Transportation,Utilities
0,12.112036336109009,5.238455715367146,18.349735049205147,15.957607872823617,8.084784254352764,12.520817562452688,12.036336109008328,6.207418622255867,9.492808478425435
1,0.0,100.0,0.0,0.0,0.0,0.0,0.0,0.0,0.0
2,11.494808017387106,19.463897609273122,0.5312726394590679,6.3269741608307175,18.18401352330355,8.186428398937455,1.3523303549867183,21.17845930934557,13.281815986476698
3,0.0,0.0,4.128440366972478,6.8807339449541285,0.0,0.0,88.9908256880734,0.0,0.0
